Palabra,Sufijo_original,R,Sufijo_nuevo,Número
albión,-,-,ión,singular
aluvión,-,-,ión,singular
anexión,-,-,ión,singular
anfitrión,-,-,ión,singular
anión,-,-,ión,singular
aperión,-,-,ión,singular
aplicaeión,-,-,ión,singular
autocombustión,-,-,ión,singular
autogestión,-,-,ión,singular
autoindigestión,-,-,ión,singular
autonreflexión,-,-,ión,singular
autosugestión,-,-,ión,singular
avión,-,-,ión,singular
avión,-,-,ión,singular
bastión,-,-,ión,singular
camión,-,-,ión,singular
catión,-,-,ión,singular
centurión,-,-,ión,singular
cesarión,-,-,ión,singular
cogestión,-,-,ión,singular
colodión,-,-,ión,singular
combustión,-,-,ión,singular
complexión,-,-,ión,singular
comunión,-,-,ión,singular
comunión,-,-,ión,singular
conexión,-,-,ión,singular
congestión,-,-,ión,singular
conmixtión,-,-,ión,singular
contraión,-,-,ión,singular
corcubión,-,-,ión,singular
crucifixión,-,-,ión,singular
crucifixión,-,-,ión,singular
cuestión,-,-,ión,singular
cuestión,-,-,ión,singular
degestión,-,-,ión,singular
desconexión,-,-,ión,singular
desunión,-,-,ión,singular
digestión,-,-,ión,singular
dimenión,-,-,ión,singular
embrión,-,-,ión,singular
envión,-,-,ión,singular
escorpión,-,-,ión,singular
escorpión,-,-,ión,singular
espión,-,-,ión,singular
esturión,-,-,ión,singular
euritión,-,-,ión,singular
excomunión,-,-,ión,singular
exprexión,-,-,ión,singular
flexión,-,-,ión,singular
gerión,-,-,ión,singular
gestión,-,-,ión,singular
gorrión,-,-,ión,singular
guión,-,-,ión,singular
hiperión,-,-,ión,singular
histrión,-,-,ión,singular
hostión,-,-,ión,singular
hostión,-,-,ión,singular
iberunión,-,-,ión,singular
ilión,-,-,ión,singular
indigestión,-,-,ión,singular
inflexión,-,-,ión,singular
ingestión,-,-,ión,singular
interconexión,-,-,ión,singular
irreflexión,-,-,ión,singular
irreligión,-,-,ión,singular
ión,-,-,ión,singular
legión,-,-,ión,singular
legión,-,-,ión,singular
marión,-,-,ión,singular
morrión,-,-,ión,singular
nervión,-,-,ión,singular
opinión,-,-,ión,singular
opinión,-,-,ión,singular
opulión,-,-,ión,singular
orión,-,-,ión,singular
ostión,-,-,ión,singular
pelopión,-,-,ión,singular
pigmalión,-,-,ión,singular
postcombustión,-,-,ión,singular
predigestión,-,-,ión,singular
premión,-,-,ión,singular
pseudorreligión,-,-,ión,singular
reanexión,-,-,ión,singular
rebelión,-,-,ión,singular
reflexión,-,-,ión,singular
reflexión,-,-,ión,singular
región,-,-,ión,singular
región,-,-,ión,singular
religión,-,-,ión,singular
religión,-,-,ión,singular
resignanión,-,-,ión,singular
reunión,-,-,ión,singular
reunión,-,-,ión,singular
sarampión,-,-,ión,singular
sugestión,-,-,ión,singular
talión,-,-,ión,singular
terapión,-,-,ión,singular
turbión,-,-,ión,singular
unión,-,-,ión,singular
unión,-,-,ión,singular
vesrión,-,-,ión,singular
zurrión,-,-,ión,singular
aluviones,-,-,ión,plural
anfitriones,-,-,ión,plural
aniones,-,-,ión,plural
aviones,-,-,ión,plural
aviones,-,-,ión,plural
bastiones,-,-,ión,plural
camiones,-,-,ión,plural
camiones,-,-,ión,plural
cationes,-,-,ión,plural
cationes,-,-,ión,plural
cationes,-,-,ión,plural
cationes,-,-,ión,plural
centuriones,-,-,ión,plural
combustiones,-,-,ión,plural
comuniones,-,-,ión,plural
comuniones,-,-,ión,plural
conexiones,-,-,ión,plural
conexiones,-,-,ión,plural
crucifixiones,-,-,ión,plural
cuestiones,-,-,ión,plural
cuestiones,-,-,ión,plural
cuestiones,-,-,ión,plural
desuniones,-,-,ión,plural
dicationes,-,-,ión,plural
digestiones,-,-,ión,plural
embriones,-,-,ión,plural
embriones,-,-,ión,plural
embriones,-,-,ión,plural
embriones,-,-,ión,plural
escorpiones,-,-,ión,plural
escorpiones,-,-,ión,plural
escorpiones,-,-,ión,plural
flexiones,-,-,ión,plural
genuflexiones,-,-,ión,plural
gestiones,-,-,ión,plural
gestiones,-,-,ión,plural
gorriones,-,-,ión,plural
guiones,-,-,ión,plural
guiones,-,-,ión,plural
guiones,-,-,ión,plural
guiones,-,-,ión,plural
guiones,-,-,ión,plural
guiones,-,-,ión,plural
guiones,-,-,ión,plural
hidroaviones,-,-,ión,plural
histriones,-,-,ión,plural
histriones,-,-,ión,plural
indigestiones,-,-,ión,plural
inflexiones,-,-,ión,plural
interconexiones,-,-,ión,plural
interconexiones,-,-,ión,plural
iones,-,-,ión,plural
judiones,-,-,ión,plural
legiones,-,-,ión,plural
memoriones,-,-,ión,plural
miliones,-,-,ión,plural
opiniones,-,-,ión,plural
papiones,-,-,ión,plural
piones,-,-,ión,plural
portaaviones,-,-,ión,plural
reflexiones,-,-,ión,plural
reflexiones,-,-,ión,plural
regiones,-,-,ión,plural
religiones,-,-,ión,plural
reuniones,-,-,ión,plural
reuniones,-,-,ión,plural
sarampiones,-,-,ión,plural
sugestiones,-,-,ión,plural
sugestiones,-,-,ión,plural
turbiones,-,-,ión,plural
turiones,-,-,ión,plural
uniones,-,-,ión,plural
viriones,-,-,ión,plural
viriones,-,-,ión,plural
abiertísima,-,-,ma,singular
abisma,-,-,ma,singular
abruma,-,-,ma,singular
abundantísima,-,-,ma,singular
abundantísima,-,-,ma,singular
aburridísima,-,-,ma,singular
aburridísima,-,-,ma,singular
admiradísima,-,-,ma,singular
afirma,-,-,ma,singular
afirma,-,-,ma,singular
afortunadísima,-,-,ma,singular
agradabilísima,-,-,ma,singular
agudísima,-,-,ma,singular
agudísima,-,-,ma,singular
aicnalubma,-,-,ma,singular
alabama,-,-,ma,singular
alarma,-,-,ma,singular
alarma,-,-,ma,singular
alarma,-,-,ma,singular
aljama,-,-,ma,singular
alma,-,-,ma,singular
alma,-,-,ma,singular
alma,-,-,ma,singular
almoraima,-,-,ma,singular
altísima,-,-,ma,singular
ama,-,-,ma,singular
ama,-,-,ma,singular
ama,-,-,ma,singular
ama,-,-,ma,singular
amadama,-,-,ma,singular
amadísima,-,-,ma,singular
amalgama,-,-,ma,singular
amalgama,-,-,ma,singular
amalgama,-,-,ma,singular
amantísima,-,-,ma,singular
amantísima,-,-,ma,singular
americama,-,-,ma,singular
amplísima,-,-,ma,singular
anagrama,-,-,ma,singular
anagrama,-,-,ma,singular
aneurisma,-,-,ma,singular
anima,-,-,ma,singular
anima,-,-,ma,singular
anima,-,-,ma,singular
anselma,-,-,ma,singular
antefirma,-,-,ma,singular
antepenúltima,-,-,ma,singular
anticima,-,-,ma,singular
antipatiquísima,-,-,ma,singular
antiquísima,-,-,ma,singular
anónima,-,-,ma,singular
apotegma,-,-,ma,singular
aproxima,-,-,ma,singular
aproxima,-,-,ma,singular
aquarama,-,-,ma,singular
arma,-,-,ma,singular
arma,-,-,ma,singular
arma,-,-,ma,singular
arma,-,-,ma,singular
arriesgadísima,-,-,ma,singular
arrima,-,-,ma,singular
asetma,-,-,ma,singular
asma,-,-,ma,singular
asprima,-,-,ma,singular
asuma,-,-,ma,singular
asuma,-,-,ma,singular
autoestima,-,-,ma,singular
autoestima,-,-,ma,singular
autoestima,-,-,ma,singular
autoestima,-,-,ma,singular
bajísima,-,-,ma,singular
bajísima,-,-,ma,singular
bajísima,-,-,ma,singular
baratísima,-,-,ma,singular
belarma,-,-,ma,singular
bellísima,-,-,ma,singular
bellísima,-,-,ma,singular
billonésima,-,-,ma,singular
bioplasma,-,-,ma,singular
blanquísima,-,-,ma,singular
bonísima,-,-,ma,singular
brahma,-,-,ma,singular
brama,-,-,ma,singular
brama,-,-,ma,singular
brama,-,-,ma,singular
brevísima,-,-,ma,singular
brevísima,-,-,ma,singular
brevísima,-,-,ma,singular
brevísima,-,-,ma,singular
brillantísima,-,-,ma,singular
bruma,-,-,ma,singular
bruma,-,-,ma,singular
buenísima,-,-,ma,singular
burdísima,-,-,ma,singular
burma,-,-,ma,singular
cabreadísima,-,-,ma,singular
caligrama,-,-,ma,singular
calima,-,-,ma,singular
calma,-,-,ma,singular
calma,-,-,ma,singular
calma,-,-,ma,singular
calma,-,-,ma,singular
calma,-,-,ma,singular
cama,-,-,ma,singular
cama,-,-,ma,singular
carisma,-,-,ma,singular
carísima,-,-,ma,singular
carísima,-,-,ma,singular
carísima,-,-,ma,singular
castorama,-,-,ma,singular
catalanísima,-,-,ma,singular
centésima,-,-,ma,singular
centésima,-,-,ma,singular
chaluma,-,-,ma,singular
chomolungma,-,-,ma,singular
chusma,-,-,ma,singular
cienmilésima,-,-,ma,singular
cima,-,-,ma,singular
cima,-,-,ma,singular
cinéma,-,-,ma,singular
cinéma,-,-,ma,singular
cisma,-,-,ma,singular
citoplasma,-,-,ma,singular
clama,-,-,ma,singular
clama,-,-,ma,singular
clarisima,-,-,ma,singular
clarísima,-,-,ma,singular
clarísima,-,-,ma,singular
clarísima,-,-,ma,singular
clarísima,-,-,ma,singular
clima,-,-,ma,singular
clima,-,-,ma,singular
cochinísima,-,-,ma,singular
coima,-,-,ma,singular
colma,-,-,ma,singular
colma,-,-,ma,singular
coloradísima,-,-,ma,singular
complejísima,-,-,ma,singular
completísima,-,-,ma,singular
complicadísima,-,-,ma,singular
complicadísima,-,-,ma,singular
complicadísima,-,-,ma,singular
comprima,-,-,ma,singular
comprometidísima,-,-,ma,singular
confirma,-,-,ma,singular
confirma,-,-,ma,singular
conforma,-,-,ma,singular
conforma,-,-,ma,singular
consuma,-,-,ma,singular
consuma,-,-,ma,singular
consuma,-,-,ma,singular
contranorma,-,-,ma,singular
contrarreforma,-,-,ma,singular
contrarreforma,-,-,ma,singular
convencidísima,-,-,ma,singular
coquetisima,-,-,ma,singular
coquetísima,-,-,ma,singular
costosísima,-,-,ma,singular
cotorrísima,-,-,ma,singular
criptograma,-,-,ma,singular
crisma,-,-,ma,singular
cristianísima,-,-,ma,singular
crucigrama,-,-,ma,singular
crudelísima,-,-,ma,singular
cuantísima,-,-,ma,singular
cuaresma,-,-,ma,singular
cuaresma,-,-,ma,singular
cuidadosísima,-,-,ma,singular
cuidadísima,-,-,ma,singular
cutrísima,-,-,ma,singular
cósima,-,-,ma,singular
dalma,-,-,ma,singular
dama,-,-,ma,singular
dama,-,-,ma,singular
debilísima,-,-,ma,singular
decentísima,-,-,ma,singular
declama,-,-,ma,singular
deforma,-,-,ma,singular
deforma,-,-,ma,singular
delgadísima,-,-,ma,singular
delgadísima,-,-,ma,singular
delicadísima,-,-,ma,singular
derrama,-,-,ma,singular
derrama,-,-,ma,singular
desagradabilísima,-,-,ma,singular
desanima,-,-,ma,singular
desarma,-,-,ma,singular
desarma,-,-,ma,singular
descaradísima,-,-,ma,singular
desestima,-,-,ma,singular
deslegitima,-,-,ma,singular
despanama,-,-,ma,singular
desparrama,-,-,ma,singular
despluma,-,-,ma,singular
detalladísima,-,-,ma,singular
diafragma,-,-,ma,singular
diagrama,-,-,ma,singular
diagrama,-,-,ma,singular
diezmilésima,-,-,ma,singular
diezmilésima,-,-,ma,singular
dificilísima,-,-,ma,singular
difractograma,-,-,ma,singular
dignísima,-,-,ma,singular
dignísima,-,-,ma,singular
diorama,-,-,ma,singular
dirima,-,-,ma,singular
discretísima,-,-,ma,singular
divertidísima,-,-,ma,singular
docudrama,-,-,ma,singular
dogma,-,-,ma,singular
dolorosísima,-,-,ma,singular
dracma,-,-,ma,singular
drama,-,-,ma,singular
drama,-,-,ma,singular
dudosísima,-,-,ma,singular
duerma,-,-,ma,singular
dulcisima,-,-,ma,singular
dulcísima,-,-,ma,singular
dulcísima,-,-,ma,singular
duma,-,-,ma,singular
duodécima,-,-,ma,singular
durísima,-,-,ma,singular
durísima,-,-,ma,singular
durísima,-,-,ma,singular
durísima,-,-,ma,singular
décima,-,-,ma,singular
décima,-,-,ma,singular
ectima,-,-,ma,singular
ectoplasma,-,-,ma,singular
educadísima,-,-,ma,singular
elaboradísima,-,-,ma,singular
electrocardiograma,-,-,ma,singular
electroencefalograma,-,-,ma,singular
elegantísima,-,-,ma,singular
elegantísima,-,-,ma,singular
elegantísima,-,-,ma,singular
elementalísima,-,-,ma,singular
elevadísima,-,-,ma,singular
elevadísima,-,-,ma,singular
elevadísima,-,-,ma,singular
elma,-,-,ma,singular
emma,-,-,ma,singular
empalma,-,-,ma,singular
empinadísima,-,-,ma,singular
enamoradísima,-,-,ma,singular
encarama,-,-,ma,singular
encefalograma,-,-,ma,singular
encima,-,-,ma,singular
encima,-,-,ma,singular
enferma,-,-,ma,singular
enferma,-,-,ma,singular
enferma,-,-,ma,singular
enferma,-,-,ma,singular
enforma,-,-,ma,singular
engrama,-,-,ma,singular
enigma,-,-,ma,singular
enigma,-,-,ma,singular
entomógama,-,-,ma,singular
entusiasma,-,-,ma,singular
enzima,-,-,ma,singular
enésima,-,-,ma,singular
epigrama,-,-,ma,singular
epónima,-,-,ma,singular
escama,-,-,ma,singular
escama,-,-,ma,singular
escasísima,-,-,ma,singular
escasísima,-,-,ma,singular
escatima,-,-,ma,singular
esfuma,-,-,ma,singular
esgrima,-,-,ma,singular
esgrima,-,-,ma,singular
esgrima,-,-,ma,singular
esma,-,-,ma,singular
españolísima,-,-,ma,singular
especialísima,-,-,ma,singular
especialísima,-,-,ma,singular
esperma,-,-,ma,singular
espesísima,-,-,ma,singular
espuma,-,-,ma,singular
espuma,-,-,ma,singular
espuma,-,-,ma,singular
esquijama,-,-,ma,singular
estigma,-,-,ma,singular
estima,-,-,ma,singular
estima,-,-,ma,singular
estima,-,-,ma,singular
estrechísima,-,-,ma,singular
euthyma,-,-,ma,singular
exagrama,-,-,ma,singular
excelentísima,-,-,ma,singular
exclama,-,-,ma,singular
exclama,-,-,ma,singular
exima,-,-,ma,singular
exprima,-,-,ma,singular
extensísima,-,-,ma,singular
facilísima,-,-,ma,singular
fama,-,-,ma,singular
fama,-,-,ma,singular
fantasma,-,-,ma,singular
fantasma,-,-,ma,singular
fantasma,-,-,ma,singular
fatima,-,-,ma,singular
favorabilísima,-,-,ma,singular
fecundísima,-,-,ma,singular
fidelísima,-,-,ma,singular
filma,-,-,ma,singular
filma,-,-,ma,singular
finísima,-,-,ma,singular
finísima,-,-,ma,singular
firma,-,-,ma,singular
firma,-,-,ma,singular
firma,-,-,ma,singular
firma,-,-,ma,singular
forma,-,-,ma,singular
forma,-,-,ma,singular
forma,-,-,ma,singular
forma,-,-,ma,singular
fortísima,-,-,ma,singular
fotograma,-,-,ma,singular
fresquísima,-,-,ma,singular
fujiyama,-,-,ma,singular
fukuyama,-,-,ma,singular
fuma,-,-,ma,singular
fuma,-,-,ma,singular
fuma,-,-,ma,singular
fátima,-,-,ma,singular
gama,-,-,ma,singular
gamma,-,-,ma,singular
gananciosísima,-,-,ma,singular
ganoderma,-,-,ma,singular
gautama,-,-,ma,singular
gemma,-,-,ma,singular
generosísima,-,-,ma,singular
gentilísima,-,-,ma,singular
gentilísima,-,-,ma,singular
gitarama,-,-,ma,singular
gomaespuma,-,-,ma,singular
gomaspuma,-,-,ma,singular
gordísima,-,-,ma,singular
grama,-,-,ma,singular
grandísima,-,-,ma,singular
grandísima,-,-,ma,singular
grandísima,-,-,ma,singular
granma,-,-,ma,singular
gravísima,-,-,ma,singular
grima,-,-,ma,singular
guadarrama,-,-,ma,singular
guapísima,-,-,ma,singular
guapísima,-,-,ma,singular
guapísima,-,-,ma,singular
guapísima,-,-,ma,singular
guapísima,-,-,ma,singular
guapísima,-,-,ma,singular
halama,-,-,ma,singular
harmma,-,-,ma,singular
hermosísima,-,-,ma,singular
hidrograma,-,-,ma,singular
hijísima,-,-,ma,singular
hiroshima,-,-,ma,singular
holograma,-,-,ma,singular
homónima,-,-,ma,singular
horma,-,-,ma,singular
humanísima,-,-,ma,singular
humildísima,-,-,ma,singular
humildísima,-,-,ma,singular
ilegítima,-,-,ma,singular
ilustrísima,-,-,ma,singular
ilustrísima,-,-,ma,singular
importantísima,-,-,ma,singular
imprima,-,-,ma,singular
imprima,-,-,ma,singular
imprima,-,-,ma,singular
imprima,-,-,ma,singular
indignadísima,-,-,ma,singular
infima,-,-,ma,singular
inflama,-,-,ma,singular
informa,-,-,ma,singular
informa,-,-,ma,singular
inma,-,-,ma,singular
inoportunísima,-,-,ma,singular
intensísima,-,-,ma,singular
interesantísima,-,-,ma,singular
intima,-,-,ma,singular
intima,-,-,ma,singular
intrigadísima,-,-,ma,singular
intránima,-,-,ma,singular
inverama,-,-,ma,singular
irma,-,-,ma,singular
irregularísima,-,-,ma,singular
isma,-,-,ma,singular
isoterma,-,-,ma,singular
jaima,-,-,ma,singular
jama,-,-,ma,singular
jarama,-,-,ma,singular
jerónima,-,-,ma,singular
jerónima,-,-,ma,singular
jovencísima,-,-,ma,singular
jovencísima,-,-,ma,singular
juanma,-,-,ma,singular
justificadísima,-,-,ma,singular
justísima,-,-,ma,singular
karma,-,-,ma,singular
kolyma,-,-,ma,singular
lama,-,-,ma,singular
lama,-,-,ma,singular
larguísima,-,-,ma,singular
largísima,-,-,ma,singular
lastima,-,-,ma,singular
lastima,-,-,ma,singular
ledesma,-,-,ma,singular
legítima,-,-,ma,singular
legítima,-,-,ma,singular
lejanísima,-,-,ma,singular
lejísima,-,-,ma,singular
lentísima,-,-,ma,singular
lerma,-,-,ma,singular
levísima,-,-,ma,singular
levísima,-,-,ma,singular
lexigrama,-,-,ma,singular
lezama,-,-,ma,singular
libérrima,-,-,ma,singular
ligerísima,-,-,ma,singular
lima,-,-,ma,singular
lima,-,-,ma,singular
limitadísima,-,-,ma,singular
limpísima,-,-,ma,singular
lindísima,-,-,ma,singular
listísima,-,-,ma,singular
lituma,-,-,ma,singular
llama,-,-,ma,singular
llama,-,-,ma,singular
llama,-,-,ma,singular
llama,-,-,ma,singular
lágrima,-,-,ma,singular
lástima,-,-,ma,singular
lástima,-,-,ma,singular
ma,-,-,ma,singular
ma,-,-,ma,singular
ma,-,-,ma,singular
ma,-,-,ma,singular
madama,-,-,ma,singular
madama,-,-,ma,singular
magma,-,-,ma,singular
magnánima,-,-,ma,singular
malísima,-,-,ma,singular
mama,-,-,ma,singular
mama,-,-,ma,singular
mama,-,-,ma,singular
mama,-,-,ma,singular
mamma,-,-,ma,singular
mamouma,-,-,ma,singular
marcadísima,-,-,ma,singular
maresma,-,-,ma,singular
marítima,-,-,ma,singular
mdma,-,-,ma,singular
megachasma,-,-,ma,singular
megatrauma,-,-,ma,singular
melodrama,-,-,ma,singular
meritísima,-,-,ma,singular
merma,-,-,ma,singular
merma,-,-,ma,singular
merma,-,-,ma,singular
miasma,-,-,ma,singular
microclima,-,-,ma,singular
migma,-,-,ma,singular
millonésima,-,-,ma,singular
millonésima,-,-,ma,singular
milésima,-,-,ma,singular
milésima,-,-,ma,singular
mima,-,-,ma,singular
mima,-,-,ma,singular
minifama,-,-,ma,singular
minima,-,-,ma,singular
miniprograma,-,-,ma,singular
misma,-,-,ma,singular
mismísima,-,-,ma,singular
misérrima,-,-,ma,singular
moctezuma,-,-,ma,singular
modestísima,-,-,ma,singular
mojama,-,-,ma,singular
monograma,-,-,ma,singular
monísima,-,-,ma,singular
monísima,-,-,ma,singular
monógama,-,-,ma,singular
moptma,-,-,ma,singular
moraima,-,-,ma,singular
morenísima,-,-,ma,singular
morisma,-,-,ma,singular
mucama,-,-,ma,singular
muchísima,-,-,ma,singular
mullidísima,-,-,ma,singular
máxima,-,-,ma,singular
máxima,-,-,ma,singular
máxima,-,-,ma,singular
mínima,-,-,ma,singular
mínima,-,-,ma,singular
naima,-,-,ma,singular
negrísima,-,-,ma,singular
nobilísima,-,-,ma,singular
nobolísima,-,-,ma,singular
norma,-,-,ma,singular
norma,-,-,ma,singular
norma,-,-,ma,singular
norma,-,-,ma,singular
normalísima,-,-,ma,singular
notabilísima,-,-,ma,singular
novísima,-,-,ma,singular
numerosísima,-,-,ma,singular
nutridísima,-,-,ma,singular
ocupadísima,-,-,ma,singular
oprima,-,-,ma,singular
organigrama,-,-,ma,singular
originalísima,-,-,ma,singular
oscurísima,-,-,ma,singular
oshima,-,-,ma,singular
ozama,-,-,ma,singular
ozma,-,-,ma,singular
palma,-,-,ma,singular
palma,-,-,ma,singular
palma,-,-,ma,singular
panorama,-,-,ma,singular
panorama,-,-,ma,singular
pantomima,-,-,ma,singular
papamama,-,-,ma,singular
paradigma,-,-,ma,singular
parecidísima,-,-,ma,singular
parma,-,-,ma,singular
parénquima,-,-,ma,singular
pasma,-,-,ma,singular
pasma,-,-,ma,singular
paupérrima,-,-,ma,singular
peculiarísima,-,-,ma,singular
peculiarísima,-,-,ma,singular
peligrosísima,-,-,ma,singular
peligrosísima,-,-,ma,singular
pelma,-,-,ma,singular
penosísima,-,-,ma,singular
pentagrama,-,-,ma,singular
penúltima,-,-,ma,singular
penúltima,-,-,ma,singular
pequeñísima,-,-,ma,singular
pequeñísima,-,-,ma,singular
pequeñísima,-,-,ma,singular
perfuma,-,-,ma,singular
personalísima,-,-,ma,singular
pesadísima,-,-,ma,singular
piadosísima,-,-,ma,singular
pijama,-,-,ma,singular
plasma,-,-,ma,singular
plasma,-,-,ma,singular
plasma,-,-,ma,singular
plasma,-,-,ma,singular
plataforma,-,-,ma,singular
plataforma,-,-,ma,singular
pluma,-,-,ma,singular
pluma,-,-,ma,singular
pneuma,-,-,ma,singular
poderosísima,-,-,ma,singular
poligrama,-,-,ma,singular
polígama,-,-,ma,singular
poquísima,-,-,ma,singular
potentísima,-,-,ma,singular
presuma,-,-,ma,singular
prima,-,-,ma,singular
prima,-,-,ma,singular
prima,-,-,ma,singular
prima,-,-,ma,singular
primerísima,-,-,ma,singular
primerísima,-,-,ma,singular
principalísima,-,-,ma,singular
prisma,-,-,ma,singular
privadísima,-,-,ma,singular
proclama,-,-,ma,singular
proclama,-,-,ma,singular
proclama,-,-,ma,singular
profundísima,-,-,ma,singular
progama,-,-,ma,singular
programa,-,-,ma,singular
programa,-,-,ma,singular
programa,-,-,ma,singular
programa,-,-,ma,singular
prolongadísima,-,-,ma,singular
protoplasma,-,-,ma,singular
provechosísima,-,-,ma,singular
próxima,-,-,ma,singular
próxima,-,-,ma,singular
psicodrama,-,-,ma,singular
pulcrísima,-,-,ma,singular
puma,-,-,ma,singular
puma,-,-,ma,singular
purísima,-,-,ma,singular
purísima,-,-,ma,singular
pésima,-,-,ma,singular
pócima,-,-,ma,singular
póstuma,-,-,ma,singular
quietísima,-,-,ma,singular
rama,-,-,ma,singular
rama,-,-,ma,singular
ramatlabama,-,-,ma,singular
rapidísima,-,-,ma,singular
rarísima,-,-,ma,singular
reafirma,-,-,ma,singular
reanima,-,-,ma,singular
recentísima,-,-,ma,singular
recientísima,-,-,ma,singular
reclama,-,-,ma,singular
reclama,-,-,ma,singular
rectísima,-,-,ma,singular
redima,-,-,ma,singular
reducidísima,-,-,ma,singular
reforma,-,-,ma,singular
reforma,-,-,ma,singular
reforma,-,-,ma,singular
remotísima,-,-,ma,singular
remotísima,-,-,ma,singular
resuma,-,-,ma,singular
resuma,-,-,ma,singular
resumidísima,-,-,ma,singular
retama,-,-,ma,singular
reuma,-,-,ma,singular
reverendísima,-,-,ma,singular
rezuma,-,-,ma,singular
reúma,-,-,ma,singular
reúma,-,-,ma,singular
reúma,-,-,ma,singular
rigurosísima,-,-,ma,singular
rima,-,-,ma,singular
rima,-,-,ma,singular
rima,-,-,ma,singular
riquísima,-,-,ma,singular
ronquísima,-,-,ma,singular
sabrosísima,-,-,ma,singular
sacratísima,-,-,ma,singular
santísima,-,-,ma,singular
sapientísima,-,-,ma,singular
sarcoplasma,-,-,ma,singular
satuma,-,-,ma,singular
selectérrima,-,-,ma,singular
selectísima,-,-,ma,singular
selma,-,-,ma,singular
sencillísima,-,-,ma,singular
serenísima,-,-,ma,singular
severísima,-,-,ma,singular
sidagma,-,-,ma,singular
sigma,-,-,ma,singular
sigma,-,-,ma,singular
sima,-,-,ma,singular
simplicísima,-,-,ma,singular
sintagma,-,-,ma,singular
sinónima,-,-,ma,singular
sobrecama,-,-,ma,singular
sofakama,-,-,ma,singular
sofisma,-,-,ma,singular
soflama,-,-,ma,singular
solidísima,-,-,ma,singular
sonadísima,-,-,ma,singular
suavísima,-,-,ma,singular
subestima,-,-,ma,singular
sublima,-,-,ma,singular
sucísima,-,-,ma,singular
suma,-,-,ma,singular
suma,-,-,ma,singular
suma,-,-,ma,singular
suma,-,-,ma,singular
suma,-,-,ma,singular
suma,-,-,ma,singular
sumarísima,-,-,ma,singular
superprograma,-,-,ma,singular
suprima,-,-,ma,singular
sutilísima,-,-,ma,singular
szalma,-,-,ma,singular
séptima,-,-,ma,singular
séptima,-,-,ma,singular
tantísima,-,-,ma,singular
tarima,-,-,ma,singular
technirama,-,-,ma,singular
telegrama,-,-,ma,singular
telegrama,-,-,ma,singular
teorama,-,-,ma,singular
teñidísima,-,-,ma,singular
tolima,-,-,ma,singular
torma,-,-,ma,singular
toxoplasma,-,-,ma,singular
trabuma,-,-,ma,singular
trama,-,-,ma,singular
trama,-,-,ma,singular
trama,-,-,ma,singular
transforma,-,-,ma,singular
transforma,-,-,ma,singular
trasforma,-,-,ma,singular
trauma,-,-,ma,singular
trauma,-,-,ma,singular
trichoderma,-,-,ma,singular
trillonésima,-,-,ma,singular
tristísima,-,-,ma,singular
tristísima,-,-,ma,singular
tristísima,-,-,ma,singular
tristísima,-,-,ma,singular
tuma,-,-,ma,singular
ubérrima,-,-,ma,singular
ultima,-,-,ma,singular
ultima,-,-,ma,singular
ultima,-,-,ma,singular
ultimísima,-,-,ma,singular
uma,-,-,ma,singular
undécima,-,-,ma,singular
undécima,-,-,ma,singular
undécima,-,-,ma,singular
urgentísima,-,-,ma,singular
utilísima,-,-,ma,singular
valderrama,-,-,ma,singular
valiosísima,-,-,ma,singular
variadísima,-,-,ma,singular
variadísima,-,-,ma,singular
vastísima,-,-,ma,singular
vastísima,-,-,ma,singular
veneradísima,-,-,ma,singular
victima,-,-,ma,singular
victima,-,-,ma,singular
victima,-,-,ma,singular
viejísima,-,-,ma,singular
vigésima,-,-,ma,singular
vilma,-,-,ma,singular
virtuosísima,-,-,ma,singular
vivísima,-,-,ma,singular
vuelapluma,-,-,ma,singular
víctima,-,-,ma,singular
yerma,-,-,ma,singular
yerma,-,-,ma,singular
zulima,-,-,ma,singular
ánima,-,-,ma,singular
ínfima,-,-,ma,singular
íntima,-,-,ma,singular
óptima,-,-,ma,singular
última,-,-,ma,singular
abundantísimas,-,-,ma,plural
aburridísimas,-,-,ma,plural
acertadísimas,-,-,ma,plural
activísimas,-,-,ma,plural
afirmas,-,-,ma,plural
alarmas,-,-,ma,plural
alarmas,-,-,ma,plural
aljamas,-,-,ma,plural
almas,-,-,ma,plural
almas,-,-,ma,plural
altísimas,-,-,ma,plural
amas,-,-,ma,plural
amas,-,-,ma,plural
aneurismas,-,-,ma,plural
animas,-,-,ma,plural
animas,-,-,ma,plural
antiquísimas,-,-,ma,plural
anónimas,-,-,ma,plural
armas,-,-,ma,plural
armas,-,-,ma,plural
armas,-,-,ma,plural
bahamas,-,-,ma,plural
bajísimas,-,-,ma,plural
bellísimas,-,-,ma,plural
billonésimas,-,-,ma,plural
blanquísimas,-,-,ma,plural
brevísimas,-,-,ma,plural
brumas,-,-,ma,plural
buenísimas,-,-,ma,plural
cachondísimas,-,-,ma,plural
calimas,-,-,ma,plural
calmas,-,-,ma,plural
calmas,-,-,ma,plural
camas,-,-,ma,plural
carísimas,-,-,ma,plural
carísimas,-,-,ma,plural
cataplasmas,-,-,ma,plural
celebérrimas,-,-,ma,plural
centésimas,-,-,ma,plural
chakmas,-,-,ma,plural
christmas,-,-,ma,plural
christmas,-,-,ma,plural
cimas,-,-,ma,plural
cismas,-,-,ma,plural
citoplasmas,-,-,ma,plural
climas,-,-,ma,plural
complejísimas,-,-,ma,plural
complicadísimas,-,-,ma,plural
confirmas,-,-,ma,plural
contadísimas,-,-,ma,plural
contadísimas,-,-,ma,plural
coreogramas,-,-,ma,plural
cortaplumas,-,-,ma,plural
costosísimas,-,-,ma,plural
crismas,-,-,ma,plural
crucigramas,-,-,ma,plural
crudísimas,-,-,ma,plural
cuantiosísimas,-,-,ma,plural
cuidadísimas,-,-,ma,plural
cursilisimas,-,-,ma,plural
cursilísimas,-,-,ma,plural
damas,-,-,ma,plural
damas,-,-,ma,plural
delgadísimas,-,-,ma,plural
derramas,-,-,ma,plural
diafragmas,-,-,ma,plural
diezmillonésimas,-,-,ma,plural
diezmilésimas,-,-,ma,plural
dificilísimas,-,-,ma,plural
dimas,-,-,ma,plural
dogmas,-,-,ma,plural
dracmas,-,-,ma,plural
dramas,-,-,ma,plural
duermas,-,-,ma,plural
dumas,-,-,ma,plural
durísimas,-,-,ma,plural
durísimas,-,-,ma,plural
durísimas,-,-,ma,plural
décimas,-,-,ma,plural
décimas,-,-,ma,plural
electrocardiogramas,-,-,ma,plural
electromiogramas,-,-,ma,plural
elegantísimas,-,-,ma,plural
elevadísimas,-,-,ma,plural
enfermas,-,-,ma,plural
enfermas,-,-,ma,plural
enfermas,-,-,ma,plural
engramas,-,-,ma,plural
enigmas,-,-,ma,plural
enzimas,-,-,ma,plural
enésimas,-,-,ma,plural
escamas,-,-,ma,plural
escamas,-,-,ma,plural
escasísimas,-,-,ma,plural
esgrimas,-,-,ma,plural
especialísimas,-,-,ma,plural
espesísimas,-,-,ma,plural
espumas,-,-,ma,plural
estigmas,-,-,ma,plural
estimas,-,-,ma,plural
estrechísimas,-,-,ma,plural
famas,-,-,ma,plural
fantamas,-,-,ma,plural
fantasmas,-,-,ma,plural
fantasmas,-,-,ma,plural
finísimas,-,-,ma,plural
finísimas,-,-,ma,plural
finísimas,-,-,ma,plural
firmas,-,-,ma,plural
formas,-,-,ma,plural
formas,-,-,ma,plural
formas,-,-,ma,plural
fortísimas,-,-,ma,plural
fotogramas,-,-,ma,plural
fotogramas,-,-,ma,plural
fumas,-,-,ma,plural
fumas,-,-,ma,plural
fumas,-,-,ma,plural
gamas,-,-,ma,plural
gastadísimas,-,-,ma,plural
generosísimas,-,-,ma,plural
gordísimas,-,-,ma,plural
gravísimas,-,-,ma,plural
greimas,-,-,ma,plural
guapísimas,-,-,ma,plural
habermas,-,-,ma,plural
hacendosísimas,-,-,ma,plural
hamas,-,-,ma,plural
hidrogramas,-,-,ma,plural
histogramas,-,-,ma,plural
hologramas,-,-,ma,plural
homónimas,-,-,ma,plural
honestísimas,-,-,ma,plural
horterísimas,-,-,ma,plural
ideogramas,-,-,ma,plural
ilegítimas,-,-,ma,plural
importantísimas,-,-,ma,plural
informas,-,-,ma,plural
intensísimas,-,-,ma,plural
interesantisimas,-,-,ma,plural
intrincadísimas,-,-,ma,plural
isotermas,-,-,ma,plural
isotermas,-,-,ma,plural
iágrimas,-,-,ma,plural
jaimas,-,-,ma,plural
jamas,-,-,ma,plural
jamas,-,-,ma,plural
jamas,-,-,ma,plural
jovencísimas,-,-,ma,plural
laboriosísimas,-,-,ma,plural
lamas,-,-,ma,plural
lamas,-,-,ma,plural
lanzallamas,-,-,ma,plural
larguísimas,-,-,ma,plural
legítimas,-,-,ma,plural
legítimas,-,-,ma,plural
lejanísimas,-,-,ma,plural
lejanísimas,-,-,ma,plural
lexigramas,-,-,ma,plural
lexigramas,-,-,ma,plural
lexigramas,-,-,ma,plural
libérrimas,-,-,ma,plural
limas,-,-,ma,plural
limpísimas,-,-,ma,plural
lisozimas,-,-,ma,plural
llamas,-,-,ma,plural
llamas,-,-,ma,plural
llamas,-,-,ma,plural
lágrimas,-,-,ma,plural
lágrimas,-,-,ma,plural
madamas,-,-,ma,plural
magnánimas,-,-,ma,plural
mamas,-,-,ma,plural
marismas,-,-,ma,plural
marítimas,-,-,ma,plural
mas,-,-,ma,plural
melodramas,-,-,ma,plural
miasmas,-,-,ma,plural
micoplasmas,-,-,ma,plural
microclimas,-,-,ma,plural
millonésimas,-,-,ma,plural
millonésimas,-,-,ma,plural
milmillonésimas,-,-,ma,plural
milésimas,-,-,ma,plural
mismísimas,-,-,ma,plural
moctezumas,-,-,ma,plural
monísimas,-,-,ma,plural
monógamas,-,-,ma,plural
mucamas,-,-,ma,plural
muchísimas,-,-,ma,plural
máximas,-,-,ma,plural
máximas,-,-,ma,plural
mínimas,-,-,ma,plural
mínimas,-,-,ma,plural
nobilísimas,-,-,ma,plural
normas,-,-,ma,plural
normas,-,-,ma,plural
normas,-,-,ma,plural
novísimas,-,-,ma,plural
novísimas,-,-,ma,plural
numerosísimas,-,-,ma,plural
numerosísimas,-,-,ma,plural
nutridísimas,-,-,ma,plural
organigramas,-,-,ma,plural
orgullosísimas,-,-,ma,plural
palmas,-,-,ma,plural
palmas,-,-,ma,plural
palmas,-,-,ma,plural
panoramas,-,-,ma,plural
paradigmas,-,-,ma,plural
pentagramas,-,-,ma,plural
penúltimas,-,-,ma,plural
pequeñísimas,-,-,ma,plural
pequeñísimas,-,-,ma,plural
pijamas,-,-,ma,plural
plasmas,-,-,ma,plural
plasmas,-,-,ma,plural
plataformas,-,-,ma,plural
plumas,-,-,ma,plural
plumas,-,-,ma,plural
poderosísimas,-,-,ma,plural
poquísimas,-,-,ma,plural
primas,-,-,ma,plural
primas,-,-,ma,plural
primas,-,-,ma,plural
primerisimas,-,-,ma,plural
principalísimas,-,-,ma,plural
principalísimas,-,-,ma,plural
prismas,-,-,ma,plural
privadísimas,-,-,ma,plural
proclamas,-,-,ma,plural
proclamas,-,-,ma,plural
proenzimas,-,-,ma,plural
programas,-,-,ma,plural
programas,-,-,ma,plural
programas,-,-,ma,plural
próximas,-,-,ma,plural
pumas,-,-,ma,plural
purísimas,-,-,ma,plural
pésimas,-,-,ma,plural
pócimas,-,-,ma,plural
póstumas,-,-,ma,plural
ramas,-,-,ma,plural
rapidísimas,-,-,ma,plural
rarísimas,-,-,ma,plural
recientísimas,-,-,ma,plural
reclamas,-,-,ma,plural
refinadísimas,-,-,ma,plural
reformas,-,-,ma,plural
retamas,-,-,ma,plural
reumas,-,-,ma,plural
rimas,-,-,ma,plural
rimas,-,-,ma,plural
riquísimas,-,-,ma,plural
sapientísimas,-,-,ma,plural
severísimas,-,-,ma,plural
simas,-,-,ma,plural
singularísimas,-,-,ma,plural
siniestrísimas,-,-,ma,plural
sinónimas,-,-,ma,plural
sofismas,-,-,ma,plural
sofismas,-,-,ma,plural
sofisticadísimas,-,-,ma,plural
soflamas,-,-,ma,plural
soflamas,-,-,ma,plural
sorprendidísimas,-,-,ma,plural
subprogramas,-,-,ma,plural
sumas,-,-,ma,plural
sumas,-,-,ma,plural
sumas,-,-,ma,plural
sumas,-,-,ma,plural
sutilísimas,-,-,ma,plural
séptimas,-,-,ma,plural
tantísimas,-,-,ma,plural
tantísimas,-,-,ma,plural
tantísimas,-,-,ma,plural
tarimas,-,-,ma,plural
telegramas,-,-,ma,plural
termas,-,-,ma,plural
tramas,-,-,ma,plural
trasformas,-,-,ma,plural
traumas,-,-,ma,plural
trigramas,-,-,ma,plural
trillonésimas,-,-,ma,plural
tristísimas,-,-,ma,plural
ubérrimas,-,-,ma,plural
ultimas,-,-,ma,plural
valiosísimas,-,-,ma,plural
variadísimas,-,-,ma,plural
velocísimas,-,-,ma,plural
ventajosísimas,-,-,ma,plural
verdísimas,-,-,ma,plural
victimas,-,-,ma,plural
viejísimas,-,-,ma,plural
violentisimas,-,-,ma,plural
vivísimas,-,-,ma,plural
víctimas,-,-,ma,plural
yermas,-,-,ma,plural
yermas,-,-,ma,plural
yormas,-,-,ma,plural
ánimas,-,-,ma,plural
ínfimas,-,-,ma,plural
íntimas,-,-,ma,plural
óptimas,-,-,ma,plural
úitimas,-,-,ma,plural
últimas,-,-,ma,plural
alud,-,-,ud,singular
arnaud,-,-,ud,singular
artaud,-,-,ud,singular
beamud,-,-,ud,singular
calatayud,-,-,ud,singular
cloud,-,-,ud,singular
erfoud,-,-,ud,singular
fraud,-,-,ud,singular
freud,-,-,ud,singular
guiraud,-,-,ud,singular
insalud,-,-,ud,singular
kimbaud,-,-,ud,singular
larbaud,-,-,ud,singular
likud,-,-,ud,singular
mud,-,-,ud,singular
pnud,-,-,ud,singular
proud,-,-,ud,singular
rimbaud,-,-,ud,singular
ruud,-,-,ud,singular
saiud,-,-,ud,singular
salud,-,-,ud,singular
salud,-,-,ud,singular
scud,-,-,ud,singular
talmud,-,-,ud,singular
talud,-,-,ud,singular
ud,-,-,ud,singular
aludes,-,-,ud,plural
ayudes,-,-,ud,plural
desnudes,-,-,ud,plural
dudes,-,-,ud,plural
fraudes,-,-,ud,plural
laudes,-,-,ud,plural
maudes,-,-,ud,plural
mudes,-,-,ud,plural
taludes,-,-,ud,plural
